Replicate,Generation,DominantGenomeSize,Extinct
17885,0,15,1
17885,1000,15,1
17885,2000,15,1
17885,3000,16,1
17885,4000,16,1
17885,5000,17,1
17885,6000,18,1
17885,7000,20,1
17885,8000,23,1
17885,9000,24,1
17885,10000,23,1
17885,11000,24,1
17885,12000,26,1
17885,13000,29,1
17885,14000,29,1
17885,15000,30,1
17885,16000,34,1
17885,17000,34,1
17885,18000,33,1
17885,19000,33,1
17885,20000,33,1
17885,21000,34,1
17885,22000,34,1
17885,23000,34,1
17885,24000,35,1
17885,25000,36,1
17885,26000,32,1
17885,27000,32,1
17885,28000,33,1
17885,29000,31,1
17885,30000,31,1
17885,31000,32,1
17885,32000,31,1
17885,33000,32,1
17885,34000,31,1
17885,35000,32,1
17885,36000,33,1
17885,37000,33,1
17885,38000,35,1
17885,39000,39,1
17885,40000,39,1
17885,41000,38,1
17885,42000,40,1
17885,43000,39,1
17885,44000,40,1
17885,45000,42,1
17885,46000,42,1
17885,47000,43,1
17885,48000,48,1
17885,49000,52,1
17885,50000,54,1
17885,51000,55,1
17885,52000,53,1
17885,53000,55,1
17885,54000,57,1
17885,55000,62,1
17885,56000,64,1
17885,57000,64,1
17885,58000,64,1
17885,59000,66,1
17885,60000,67,1
17885,61000,65,1
17885,62000,69,1
17885,63000,75,1
17885,64000,73,1
17885,65000,71,1
17885,66000,73,1
17885,67000,74,1
17885,68000,74,1
17885,69000,75,1
17885,70000,72,1
17885,71000,76,1
17885,72000,93,1
17885,73000,93,1
17885,74000,93,1
17885,75000,93,1
17885,76000,93,1
17885,77000,93,1
17885,78000,93,1
17885,79000,93,1
17885,80000,93,1
17885,81000,93,1
17885,82000,93,1
17885,83000,93,1
17885,84000,93,1
17885,85000,93,1
17886,0,15,0
17886,1000,14,0
17886,2000,14,0
17886,3000,14,0
17886,4000,14,0
17886,5000,14,0
17886,6000,14,0
17886,7000,15,0
17886,8000,16,0
17886,9000,16,0
17886,10000,16,0
17886,11000,16,0
17886,12000,16,0
17886,13000,16,0
17886,14000,16,0
17886,15000,16,0
17886,16000,15,0
17886,17000,15,0
17886,18000,17,0
17886,19000,17,0
17886,20000,17,0
17886,21000,19,0
17886,22000,19,0
17886,23000,20,0
17886,24000,19,0
17886,25000,20,0
17886,26000,19,0
17886,27000,18,0
17886,28000,20,0
17886,29000,20,0
17886,30000,24,0
17886,31000,24,0
17886,32000,22,0
17886,33000,23,0
17886,34000,26,0
17886,35000,27,0
17886,36000,27,0
17886,37000,25,0
17886,38000,29,0
17886,39000,30,0
17886,40000,32,0
17886,41000,32,0
17886,42000,32,0
17886,43000,32,0
17886,44000,32,0
17886,45000,32,0
17886,46000,33,0
17886,47000,33,0
17886,48000,33,0
17886,49000,33,0
17886,50000,33,0
17886,51000,33,0
17886,52000,33,0
17886,53000,33,0
17886,54000,34,0
17886,55000,34,0
17886,56000,34,0
17886,57000,34,0
17886,58000,70,0
17886,59000,70,0
17886,60000,70,0
17886,61000,70,0
17886,62000,70,0
17886,63000,70,0
17886,64000,70,0
17886,65000,70,0
17886,66000,70,0
17886,67000,70,0
17886,68000,70,0
17886,69000,70,0
17886,70000,70,0
17886,71000,70,0
17886,72000,70,0
17886,73000,70,0
17886,74000,70,0
17886,75000,70,0
17886,76000,70,0
17886,77000,70,0
17886,78000,70,0
17886,79000,70,0
17886,80000,70,0
17886,81000,70,0
17886,82000,70,0
17886,83000,70,0
17886,84000,70,0
17886,85000,70,0
17886,86000,70,0
17886,87000,70,0
17886,88000,70,0
17886,89000,70,0
17886,90000,70,0
17886,91000,70,0
17886,92000,70,0
17886,93000,70,0
17886,94000,70,0
17886,95000,70,0
17886,96000,70,0
17886,97000,70,0
17886,98000,70,0
17886,99000,70,0
17886,100000,70,0
17886,101000,70,0
17886,102000,70,0
17886,103000,70,0
17886,104000,70,0
17886,105000,70,0
17886,106000,70,0
17886,107000,70,0
17886,108000,70,0
17886,109000,70,0
17886,110000,70,0
17886,111000,70,0
17886,112000,70,0
17886,113000,70,0
17886,114000,70,0
17886,115000,70,0
17886,116000,70,0
17886,117000,70,0
17886,118000,70,0
17886,119000,70,0
17886,120000,70,0
17886,121000,70,0
17886,122000,70,0
17886,123000,70,0
17886,124000,70,0
17886,125000,70,0
17886,126000,70,0
17886,127000,70,0
17886,128000,70,0
17886,129000,70,0
17886,130000,74,0
17886,131000,74,0
17886,132000,74,0
17886,133000,74,0
17886,134000,74,0
17886,135000,74,0
17886,136000,74,0
17886,137000,74,0
17886,138000,74,0
17886,139000,74,0
17886,140000,74,0
17886,141000,74,0
17886,142000,74,0
17886,143000,74,0
17886,144000,74,0
17886,145000,74,0
17886,146000,75,0
17886,147000,75,0
17886,148000,75,0
17886,149000,75,0
17886,150000,75,0
17886,151000,75,0
17886,152000,75,0
17886,153000,75,0
17886,154000,75,0
17886,155000,75,0
17886,156000,75,0
17886,157000,75,0
17886,158000,75,0
17886,159000,75,0
17886,160000,75,0
17886,161000,75,0
17886,162000,75,0
17886,163000,75,0
17886,164000,75,0
17886,165000,75,0
17886,166000,76,0
17886,167000,76,0
17886,168000,77,0
17886,169000,77,0
17886,170000,77,0
17886,171000,78,0
17886,172000,78,0
17886,173000,78,0
17886,174000,78,0
17886,175000,78,0
17886,176000,78,0
17886,177000,79,0
17886,178000,78,0
17886,179000,78,0
17886,180000,78,0
17886,181000,78,0
17886,182000,78,0
17886,183000,78,0
17886,184000,78,0
17886,185000,78,0
17886,186000,78,0
17886,187000,78,0
17886,188000,78,0
17886,189000,78,0
17886,190000,78,0
17886,191000,78,0
17886,192000,78,0
17886,193000,78,0
17886,194000,78,0
17886,195000,78,0
17886,196000,76,0
17886,197000,76,0
17886,198000,75,0
17886,199000,74,0
17886,200000,74,0
17886,201000,75,0
17886,202000,76,0
17886,203000,76,0
17886,204000,77,0
17886,205000,77,0
17886,206000,76,0
17886,207000,74,0
17886,208000,75,0
17886,209000,75,0
17886,210000,75,0
17886,211000,75,0
17886,212000,75,0
17886,213000,78,0
17886,214000,78,0
17886,215000,78,0
17886,216000,78,0
17886,217000,78,0
17886,218000,78,0
17886,219000,78,0
17886,220000,79,0
17886,221000,79,0
17886,222000,93,0
17886,223000,94,0
17886,224000,93,0
17886,225000,93,0
17886,226000,93,0
17886,227000,92,0
17886,228000,91,0
17886,229000,92,0
17886,230000,93,0
17886,231000,95,0
17886,232000,92,0
17886,233000,95,0
17886,234000,97,0
17886,235000,98,0
17886,236000,97,0
17886,237000,96,0
17886,238000,96,0
17886,239000,92,0
17886,240000,94,0
17886,241000,95,0
17886,242000,97,0
17886,243000,98,0
17886,244000,99,0
17886,245000,104,0
17886,246000,104,0
17886,247000,103,0
17886,248000,103,0
17886,249000,105,0
17886,250000,112,0
17887,0,15,0
17887,1000,16,0
17887,2000,18,0
17887,3000,18,0
17887,4000,18,0
17887,5000,18,0
17887,6000,18,0
17887,7000,18,0
17887,8000,18,0
17887,9000,18,0
17887,10000,18,0
17887,11000,19,0
17887,12000,18,0
17887,13000,17,0
17887,14000,17,0
17887,15000,17,0
17887,16000,18,0
17887,17000,18,0
17887,18000,18,0
17887,19000,18,0
17887,20000,20,0
17887,21000,20,0
17887,22000,20,0
17887,23000,22,0
17887,24000,22,0
17887,25000,20,0
17887,26000,22,0
17887,27000,22,0
17887,28000,23,0
17887,29000,24,0
17887,30000,25,0
17887,31000,27,0
17887,32000,27,0
17887,33000,28,0
17887,34000,29,0
17887,35000,27,0
17887,36000,27,0
17887,37000,29,0
17887,38000,30,0
17887,39000,32,0
17887,40000,33,0
17887,41000,32,0
17887,42000,32,0
17887,43000,32,0
17887,44000,32,0
17887,45000,32,0
17887,46000,32,0
17887,47000,32,0
17887,48000,31,0
17887,49000,31,0
17887,50000,31,0
17887,51000,31,0
17887,52000,31,0
17887,53000,31,0
17887,54000,31,0
17887,55000,29,0
17887,56000,29,0
17887,57000,29,0
17887,58000,28,0
17887,59000,27,0
17887,60000,27,0
17887,61000,27,0
17887,62000,27,0
17887,63000,26,0
17887,64000,26,0
17887,65000,26,0
17887,66000,26,0
17887,67000,26,0
17887,68000,26,0
17887,69000,26,0
17887,70000,26,0
17887,71000,26,0
17887,72000,26,0
17887,73000,26,0
17887,74000,26,0
17887,75000,26,0
17887,76000,26,0
17887,77000,26,0
17887,78000,26,0
17887,79000,27,0
17887,80000,27,0
17887,81000,27,0
17887,82000,27,0
17887,83000,28,0
17887,84000,27,0
17887,85000,27,0
17887,86000,27,0
17887,87000,27,0
17887,88000,27,0
17887,89000,27,0
17887,90000,26,0
17887,91000,26,0
17887,92000,26,0
17887,93000,26,0
17887,94000,26,0
17887,95000,26,0
17887,96000,26,0
17887,97000,26,0
17887,98000,26,0
17887,99000,26,0
17887,100000,26,0
17887,101000,26,0
17887,102000,26,0
17887,103000,26,0
17887,104000,27,0
17887,105000,27,0
17887,106000,28,0
17887,107000,28,0
17887,108000,27,0
17887,109000,27,0
17887,110000,27,0
17887,111000,28,0
17887,112000,28,0
17887,113000,28,0
17887,114000,28,0
17887,115000,28,0
17887,116000,28,0
17887,117000,28,0
17887,118000,28,0
17887,119000,28,0
17887,120000,28,0
17887,121000,28,0
17887,122000,28,0
17887,123000,28,0
17887,124000,28,0
17887,125000,28,0
17887,126000,27,0
17887,127000,27,0
17887,128000,27,0
17887,129000,27,0
17887,130000,27,0
17887,131000,27,0
17887,132000,27,0
17887,133000,27,0
17887,134000,27,0
17887,135000,26,0
17887,136000,26,0
17887,137000,26,0
17887,138000,26,0
17887,139000,26,0
17887,140000,26,0
17887,141000,25,0
17887,142000,26,0
17887,143000,26,0
17887,144000,26,0
17887,145000,25,0
17887,146000,29,0
17887,147000,29,0
17887,148000,29,0
17887,149000,29,0
17887,150000,28,0
17887,151000,28,0
17887,152000,27,0
17887,153000,28,0
17887,154000,29,0
17887,155000,28,0
17887,156000,29,0
17887,157000,29,0
17887,158000,29,0
17887,159000,31,0
17887,160000,31,0
17887,161000,32,0
17887,162000,31,0
17887,163000,30,0
17887,164000,31,0
17887,165000,31,0
17887,166000,30,0
17887,167000,30,0
17887,168000,30,0
17887,169000,31,0
17887,170000,30,0
17887,171000,31,0
17887,172000,30,0
17887,173000,29,0
17887,174000,29,0
17887,175000,29,0
17887,176000,27,0
17887,177000,28,0
17887,178000,29,0
17887,179000,29,0
17887,180000,29,0
17887,181000,29,0
17887,182000,28,0
17887,183000,30,0
17887,184000,29,0
17887,185000,31,0
17887,186000,27,0
17887,187000,28,0
17887,188000,29,0
17887,189000,29,0
17887,190000,29,0
17887,191000,31,0
17887,192000,31,0
17887,193000,31,0
17887,194000,34,0
17887,195000,38,0
17887,196000,43,0
17887,197000,43,0
17887,198000,41,0
17887,199000,39,0
17887,200000,40,0
17887,201000,40,0
17887,202000,39,0
17887,203000,48,0
17887,204000,48,0
17887,205000,49,0
17887,206000,50,0
17887,207000,50,0
17887,208000,50,0
17887,209000,51,0
17887,210000,52,0
17887,211000,52,0
17887,212000,53,0
17887,213000,74,0
17887,214000,74,0
17887,215000,79,0
17887,216000,80,0
17887,217000,80,0
17887,218000,82,0
17887,219000,89,0
17887,220000,87,0
17887,221000,88,0
17887,222000,87,0
17887,223000,88,0
17887,224000,88,0
17887,225000,88,0
17887,226000,88,0
17887,227000,90,0
17887,228000,90,0
17887,229000,88,0
17887,230000,90,0
17887,231000,89,0
17887,232000,88,0
17887,233000,87,0
17887,234000,88,0
17887,235000,86,0
17887,236000,88,0
17887,237000,87,0
17887,238000,84,0
17887,239000,85,0
17887,240000,85,0
17887,241000,84,0
17887,242000,84,0
17887,243000,84,0
17887,244000,84,0
17887,245000,84,0
17887,246000,84,0
17887,247000,84,0
17887,248000,84,0
17887,249000,84,0
17887,250000,85,0
17888,0,15,0
17888,1000,14,0
17888,2000,14,0
17888,3000,14,0
17888,4000,15,0
17888,5000,16,0
17888,6000,16,0
17888,7000,18,0
17888,8000,19,0
17888,9000,19,0
17888,10000,19,0
17888,11000,20,0
17888,12000,20,0
17888,13000,20,0
17888,14000,20,0
17888,15000,20,0
17888,16000,20,0
17888,17000,20,0
17888,18000,20,0
17888,19000,20,0
17888,20000,20,0
17888,21000,20,0
17888,22000,20,0
17888,23000,20,0
17888,24000,20,0
17888,25000,20,0
17888,26000,20,0
17888,27000,20,0
17888,28000,20,0
17888,29000,20,0
17888,30000,20,0
17888,31000,20,0
17888,32000,20,0
17888,33000,20,0
17888,34000,20,0
17888,35000,22,0
17888,36000,22,0
17888,37000,22,0
17888,38000,22,0
17888,39000,22,0
17888,40000,22,0
17888,41000,22,0
17888,42000,22,0
17888,43000,22,0
17888,44000,22,0
17888,45000,22,0
17888,46000,22,0
17888,47000,22,0
17888,48000,22,0
17888,49000,22,0
17888,50000,23,0
17888,51000,23,0
17888,52000,24,0
17888,53000,24,0
17888,54000,23,0
17888,55000,23,0
17888,56000,23,0
17888,57000,23,0
17888,58000,23,0
17888,59000,22,0
17888,60000,22,0
17888,61000,22,0
17888,62000,22,0
17888,63000,23,0
17888,64000,23,0
17888,65000,23,0
17888,66000,23,0
17888,67000,23,0
17888,68000,23,0
17888,69000,23,0
17888,70000,23,0
17888,71000,22,0
17888,72000,23,0
17888,73000,23,0
17888,74000,23,0
17888,75000,22,0
17888,76000,22,0
17888,77000,22,0
17888,78000,22,0
17888,79000,22,0
17888,80000,22,0
17888,81000,22,0
17888,82000,22,0
17888,83000,22,0
17888,84000,22,0
17888,85000,22,0
17888,86000,22,0
17888,87000,22,0
17888,88000,22,0
17888,89000,22,0
17888,90000,22,0
17888,91000,22,0
17888,92000,22,0
17888,93000,22,0
17888,94000,22,0
17888,95000,22,0
17888,96000,22,0
17888,97000,22,0
17888,98000,22,0
17888,99000,22,0
17888,100000,22,0
17888,101000,22,0
17888,102000,22,0
17888,103000,22,0
17888,104000,22,0
17888,105000,22,0
17888,106000,22,0
17888,107000,22,0
17888,108000,22,0
17888,109000,23,0
17888,110000,22,0
17888,111000,22,0
17888,112000,22,0
17888,113000,23,0
17888,114000,23,0
17888,115000,23,0
17888,116000,23,0
17888,117000,23,0
17888,118000,26,0
17888,119000,26,0
17888,120000,26,0
17888,121000,26,0
17888,122000,26,0
17888,123000,27,0
17888,124000,26,0
17888,125000,26,0
17888,126000,26,0
17888,127000,26,0
17888,128000,25,0
17888,129000,26,0
17888,130000,26,0
17888,131000,26,0
17888,132000,26,0
17888,133000,26,0
17888,134000,26,0
17888,135000,25,0
17888,136000,25,0
17888,137000,25,0
17888,138000,25,0
17888,139000,26,0
17888,140000,24,0
17888,141000,24,0
17888,142000,24,0
17888,143000,24,0
17888,144000,25,0
17888,145000,25,0
17888,146000,24,0
17888,147000,24,0
17888,148000,24,0
17888,149000,23,0
17888,150000,23,0
17888,151000,23,0
17888,152000,23,0
17888,153000,23,0
17888,154000,23,0
17888,155000,23,0
17888,156000,23,0
17888,157000,23,0
17888,158000,23,0
17888,159000,23,0
17888,160000,23,0
17888,161000,23,0
17888,162000,23,0
17888,163000,23,0
17888,164000,23,0
17888,165000,23,0
17888,166000,24,0
17888,167000,25,0
17888,168000,25,0
17888,169000,27,0
17888,170000,26,0
17888,171000,26,0
17888,172000,28,0
17888,173000,28,0
17888,174000,28,0
17888,175000,28,0
17888,176000,27,0
17888,177000,26,0
17888,178000,26,0
17888,179000,26,0
17888,180000,26,0
17888,181000,26,0
17888,182000,26,0
17888,183000,26,0
17888,184000,26,0
17888,185000,26,0
17888,186000,26,0
17888,187000,27,0
17888,188000,28,0
17888,189000,28,0
17888,190000,28,0
17888,191000,26,0
17888,192000,26,0
17888,193000,25,0
17888,194000,24,0
17888,195000,23,0
17888,196000,23,0
17888,197000,23,0
17888,198000,24,0
17888,199000,24,0
17888,200000,24,0
17888,201000,24,0
17888,202000,25,0
17888,203000,25,0
17888,204000,24,0
17888,205000,24,0
17888,206000,24,0
17888,207000,24,0
17888,208000,24,0
17888,209000,24,0
17888,210000,22,0
17888,211000,22,0
17888,212000,22,0
17888,213000,22,0
17888,214000,22,0
17888,215000,22,0
17888,216000,23,0
17888,217000,22,0
17888,218000,22,0
17888,219000,22,0
17888,220000,22,0
17888,221000,22,0
17888,222000,22,0
17888,223000,22,0
17888,224000,22,0
17888,225000,22,0
17888,226000,22,0
17888,227000,22,0
17888,228000,22,0
17888,229000,22,0
17888,230000,22,0
17888,231000,22,0
17888,232000,22,0
17888,233000,22,0
17888,234000,22,0
17888,235000,22,0
17888,236000,22,0
17888,237000,22,0
17888,238000,22,0
17888,239000,22,0
17888,240000,22,0
17888,241000,22,0
17888,242000,23,0
17888,243000,23,0
17888,244000,23,0
17888,245000,23,0
17888,246000,23,0
17888,247000,23,0
17888,248000,23,0
17888,249000,24,0
17888,250000,24,0
17889,0,15,1
17889,1000,15,1
17889,2000,16,1
17889,3000,18,1
17889,4000,18,1
17889,5000,37,1
17889,6000,39,1
17889,7000,37,1
17889,8000,38,1
17889,9000,39,1
17889,10000,38,1
17889,11000,38,1
17889,12000,38,1
17889,13000,40,1
17889,14000,40,1
17889,15000,38,1
17889,16000,37,1
17889,17000,38,1
17889,18000,41,1
17889,19000,44,1
17889,20000,43,1
17889,21000,39,1
17889,22000,36,1
17889,23000,35,1
17889,24000,35,1
17889,25000,35,1
17889,26000,34,1
17889,27000,35,1
17889,28000,35,1
17889,29000,34,1
17889,30000,34,1
17889,31000,34,1
17889,32000,34,1
17889,33000,34,1
17889,34000,36,1
17889,35000,37,1
17889,36000,39,1
17889,37000,37,1
17889,38000,40,1
17889,39000,43,1
17889,40000,46,1
17889,41000,47,1
17889,42000,44,1
17889,43000,42,1
17889,44000,47,1
17889,45000,43,1
17889,46000,48,1
17889,47000,46,1
17889,48000,48,1
17889,49000,46,1
17889,50000,48,1
17889,51000,47,1
17889,52000,49,1
17889,53000,51,1
17889,54000,51,1
17889,55000,50,1
17889,56000,52,1
17889,57000,54,1
17889,58000,54,1
17889,59000,51,1
17889,60000,114,1
17889,61000,114,1
17889,62000,234,1
17889,63000,234,1
17889,64000,235,1
17889,65000,236,1
17889,66000,236,1
17889,67000,238,1
17889,68000,240,1
17889,69000,245,1
17889,70000,244,1
17889,71000,241,1
17889,72000,239,1
17889,73000,236,1
17889,74000,235,1
17889,75000,233,1
17889,76000,231,1
17889,77000,228,1
17889,78000,227,1
17889,79000,226,1
17889,80000,224,1
17889,81000,222,1
17889,82000,222,1
17889,83000,220,1
17889,84000,219,1
17889,85000,219,1
17889,86000,219,1
17889,87000,220,1
17889,88000,219,1
17889,89000,222,1
17889,90000,218,1
17889,91000,218,1
17889,92000,220,1
17889,93000,220,1
17889,94000,213,1
17889,95000,132,1
17889,96000,132,1
17889,97000,133,1
17889,98000,131,1
17889,99000,132,1
17889,100000,132,1
17889,101000,136,1
17889,102000,142,1
17889,103000,142,1
17889,104000,140,1
17889,105000,139,1
17889,106000,143,1
17889,107000,144,1
17889,108000,143,1
17889,109000,147,1
17889,110000,145,1
17889,111000,150,1
17889,112000,155,1
17889,113000,159,1
17889,114000,156,1
17889,115000,159,1
17889,116000,159,1
17889,117000,159,1
17889,118000,156,1
17889,119000,158,1
17889,120000,157,1
17889,121000,158,1
17889,122000,156,1
17889,123000,154,1
17889,124000,151,1
17889,125000,150,1
17889,126000,150,1
17889,127000,151,1
17889,128000,195,1
17890,0,15,1
17890,1000,16,1
17890,2000,16,1
17890,3000,17,1
17890,4000,17,1
17890,5000,19,1
17890,6000,20,1
17890,7000,20,1
17890,8000,21,1
17890,9000,19,1
17890,10000,21,1
17890,11000,21,1
17890,12000,21,1
17890,13000,19,1
17890,14000,19,1
17890,15000,20,1
17890,16000,18,1
17890,17000,16,1
17890,18000,16,1
17890,19000,17,1
17890,20000,18,1
17890,21000,18,1
17890,22000,17,1
17890,23000,16,1
17890,24000,16,1
17890,25000,17,1
17890,26000,17,1
17890,27000,18,1
17890,28000,18,1
17890,29000,16,1
17890,30000,16,1
17890,31000,16,1
17890,32000,17,1
17890,33000,16,1
17890,34000,16,1
17890,35000,16,1
17890,36000,17,1
17890,37000,16,1
17890,38000,15,1
17890,39000,16,1
17890,40000,17,1
17890,41000,17,1
17890,42000,18,1
17890,43000,18,1
17890,44000,19,1
17890,45000,19,1
17890,46000,16,1
17890,47000,18,1
17890,48000,20,1
17890,49000,22,1
17890,50000,22,1
17890,51000,23,1
17890,52000,25,1
17890,53000,26,1
17890,54000,27,1
17890,55000,28,1
17890,56000,28,1
17890,57000,28,1
17890,58000,58,1
17890,59000,59,1
17890,60000,58,1
17890,61000,58,1
17890,62000,58,1
17890,63000,58,1
17890,64000,58,1
17890,65000,58,1
17890,66000,58,1
17890,67000,58,1
17890,68000,58,1
17890,69000,58,1
17890,70000,71,1
17890,71000,73,1
17890,72000,75,1
17890,73000,75,1
17890,74000,74,1
17890,75000,73,1
17890,76000,73,1
17890,77000,75,1
17890,78000,70,1
17890,79000,73,1
17890,80000,70,1
17890,81000,68,1
17890,82000,66,1
17890,83000,70,1
17890,84000,73,1
17890,85000,72,1
17890,86000,70,1
17890,87000,69,1
17890,88000,73,1
17890,89000,76,1
17890,90000,80,1
17890,91000,80,1
17890,92000,80,1
17890,93000,80,1
17890,94000,80,1
17890,95000,82,1
17890,96000,80,1
17890,97000,81,1
17890,98000,81,1
17890,99000,80,1
17890,100000,80,1
17890,101000,81,1
17890,102000,82,1
17890,103000,85,1
17890,104000,90,1
17890,105000,91,1
17890,106000,180,1
17890,107000,183,1
17890,108000,183,1
17890,109000,181,1
17890,110000,180,1
17890,111000,182,1
17890,112000,182,1
17890,113000,174,1
17890,114000,174,1
17890,115000,174,1
17890,116000,174,1
17890,117000,174,1
17890,118000,174,1
17890,119000,175,1
17890,120000,176,1
17890,121000,177,1
17890,122000,176,1
17890,123000,176,1
17890,124000,176,1
17890,125000,176,1
17890,126000,176,1
17890,127000,176,1
17890,128000,176,1
17891,0,15,0
17891,1000,16,0
17891,2000,17,0
17891,3000,18,0
17891,4000,17,0
17891,5000,18,0
17891,6000,19,0
17891,7000,19,0
17891,8000,17,0
17891,9000,17,0
17891,10000,17,0
17891,11000,16,0
17891,12000,16,0
17891,13000,16,0
17891,14000,17,0
17891,15000,20,0
17891,16000,20,0
17891,17000,21,0
17891,18000,22,0
17891,19000,25,0
17891,20000,24,0
17891,21000,24,0
17891,22000,24,0
17891,23000,20,0
17891,24000,20,0
17891,25000,20,0
17891,26000,21,0
17891,27000,22,0
17891,28000,23,0
17891,29000,23,0
17891,30000,23,0
17891,31000,23,0
17891,32000,23,0
17891,33000,23,0
17891,34000,23,0
17891,35000,23,0
17891,36000,23,0
17891,37000,22,0
17891,38000,22,0
17891,39000,22,0
17891,40000,22,0
17891,41000,22,0
17891,42000,22,0
17891,43000,22,0
17891,44000,22,0
17891,45000,22,0
17891,46000,21,0
17891,47000,21,0
17891,48000,21,0
17891,49000,21,0
17891,50000,21,0
17891,51000,21,0
17891,52000,21,0
17891,53000,21,0
17891,54000,21,0
17891,55000,21,0
17891,56000,21,0
17891,57000,21,0
17891,58000,21,0
17891,59000,21,0
17891,60000,21,0
17891,61000,21,0
17891,62000,21,0
17891,63000,21,0
17891,64000,21,0
17891,65000,21,0
17891,66000,21,0
17891,67000,21,0
17891,68000,21,0
17891,69000,22,0
17891,70000,21,0
17891,71000,21,0
17891,72000,21,0
17891,73000,21,0
17891,74000,21,0
17891,75000,21,0
17891,76000,21,0
17891,77000,21,0
17891,78000,21,0
17891,79000,21,0
17891,80000,22,0
17891,81000,21,0
17891,82000,21,0
17891,83000,21,0
17891,84000,21,0
17891,85000,21,0
17891,86000,21,0
17891,87000,21,0
17891,88000,20,0
17891,89000,20,0
17891,90000,20,0
17891,91000,20,0
17891,92000,20,0
17891,93000,20,0
17891,94000,20,0
17891,95000,20,0
17891,96000,20,0
17891,97000,20,0
17891,98000,20,0
17891,99000,20,0
17891,100000,20,0
17891,101000,20,0
17891,102000,20,0
17891,103000,20,0
17891,104000,20,0
17891,105000,21,0
17891,106000,21,0
17891,107000,21,0
17891,108000,21,0
17891,109000,22,0
17891,110000,23,0
17891,111000,23,0
17891,112000,22,0
17891,113000,22,0
17891,114000,22,0
17891,115000,22,0
17891,116000,22,0
17891,117000,21,0
17891,118000,21,0
17891,119000,21,0
17891,120000,21,0
17891,121000,21,0
17891,122000,22,0
17891,123000,23,0
17891,124000,23,0
17891,125000,23,0
17891,126000,22,0
17891,127000,22,0
17891,128000,21,0
17891,129000,21,0
17891,130000,21,0
17891,131000,21,0
17891,132000,21,0
17891,133000,21,0
17891,134000,21,0
17891,135000,21,0
17891,136000,21,0
17891,137000,21,0
17891,138000,21,0
17891,139000,21,0
17891,140000,21,0
17891,141000,21,0
17891,142000,21,0
17891,143000,21,0
17891,144000,22,0
17891,145000,21,0
17891,146000,22,0
17891,147000,22,0
17891,148000,22,0
17891,149000,22,0
17891,150000,22,0
17891,151000,21,0
17891,152000,21,0
17891,153000,21,0
17891,154000,21,0
17891,155000,22,0
17891,156000,22,0
17891,157000,21,0
17891,158000,22,0
17891,159000,22,0
17891,160000,22,0
17891,161000,22,0
17891,162000,22,0
17891,163000,22,0
17891,164000,22,0
17891,165000,23,0
17891,166000,24,0
17891,167000,24,0
17891,168000,25,0
17891,169000,26,0
17891,170000,27,0
17891,171000,27,0
17891,172000,27,0
17891,173000,26,0
17891,174000,24,0
17891,175000,24,0
17891,176000,24,0
17891,177000,24,0
17891,178000,23,0
17891,179000,23,0
17891,180000,23,0
17891,181000,23,0
17891,182000,23,0
17891,183000,22,0
17891,184000,22,0
17891,185000,22,0
17891,186000,21,0
17891,187000,21,0
17891,188000,21,0
17891,189000,19,0
17891,190000,19,0
17891,191000,19,0
17891,192000,19,0
17891,193000,19,0
17891,194000,19,0
17891,195000,19,0
17891,196000,19,0
17891,197000,19,0
17891,198000,19,0
17891,199000,19,0
17891,200000,19,0
17891,201000,19,0
17891,202000,19,0
17891,203000,19,0
17891,204000,19,0
17891,205000,19,0
17891,206000,19,0
17891,207000,19,0
17891,208000,19,0
17891,209000,19,0
17891,210000,19,0
17891,211000,19,0
17891,212000,19,0
17891,213000,19,0
17891,214000,19,0
17891,215000,19,0
17891,216000,19,0
17891,217000,19,0
17891,218000,19,0
17891,219000,19,0
17891,220000,19,0
17891,221000,19,0
17891,222000,19,0
17891,223000,19,0
17891,224000,19,0
17891,225000,19,0
17891,226000,19,0
17891,227000,19,0
17891,228000,19,0
17891,229000,19,0
17891,230000,19,0
17891,231000,19,0
17891,232000,19,0
17891,233000,19,0
17891,234000,19,0
17891,235000,19,0
17891,236000,19,0
17891,237000,19,0
17891,238000,18,0
17891,239000,18,0
17891,240000,18,0
17891,241000,18,0
17891,242000,18,0
17891,243000,18,0
17891,244000,18,0
17891,245000,18,0
17891,246000,18,0
17891,247000,18,0
17891,248000,18,0
17891,249000,18,0
17891,250000,18,0
17892,0,15,0
17892,1000,15,0
17892,2000,15,0
17892,3000,15,0
17892,4000,17,0
17892,5000,16,0
17892,6000,15,0
17892,7000,16,0
17892,8000,16,0
17892,9000,16,0
17892,10000,16,0
17892,11000,16,0
17892,12000,16,0
17892,13000,16,0
17892,14000,16,0
17892,15000,16,0
17892,16000,16,0
17892,17000,16,0
17892,18000,16,0
17892,19000,16,0
17892,20000,16,0
17892,21000,16,0
17892,22000,16,0
17892,23000,16,0
17892,24000,16,0
17892,25000,16,0
17892,26000,16,0
17892,27000,16,0
17892,28000,16,0
17892,29000,16,0
17892,30000,16,0
17892,31000,16,0
17892,32000,16,0
17892,33000,16,0
17892,34000,16,0
17892,35000,16,0
17892,36000,16,0
17892,37000,16,0
17892,38000,16,0
17892,39000,16,0
17892,40000,16,0
17892,41000,16,0
17892,42000,16,0
17892,43000,16,0
17892,44000,16,0
17892,45000,16,0
17892,46000,16,0
17892,47000,16,0
17892,48000,16,0
17892,49000,16,0
17892,50000,16,0
17892,51000,16,0
17892,52000,16,0
17892,53000,16,0
17892,54000,16,0
17892,55000,16,0
17892,56000,16,0
17892,57000,16,0
17892,58000,16,0
17892,59000,16,0
17892,60000,16,0
17892,61000,16,0
17892,62000,16,0
17892,63000,16,0
17892,64000,16,0
17892,65000,16,0
17892,66000,16,0
17892,67000,16,0
17892,68000,16,0
17892,69000,16,0
17892,70000,16,0
17892,71000,16,0
17892,72000,16,0
17892,73000,16,0
17892,74000,16,0
17892,75000,16,0
17892,76000,16,0
17892,77000,16,0
17892,78000,16,0
17892,79000,16,0
17892,80000,16,0
17892,81000,16,0
17892,82000,16,0
17892,83000,16,0
17892,84000,16,0
17892,85000,16,0
17892,86000,16,0
17892,87000,16,0
17892,88000,16,0
17892,89000,16,0
17892,90000,16,0
17892,91000,16,0
17892,92000,16,0
17892,93000,16,0
17892,94000,16,0
17892,95000,16,0
17892,96000,16,0
17892,97000,16,0
17892,98000,16,0
17892,99000,16,0
17892,100000,16,0
17892,101000,16,0
17892,102000,16,0
17892,103000,16,0
17892,104000,16,0
17892,105000,16,0
17892,106000,16,0
17892,107000,16,0
17892,108000,16,0
17892,109000,16,0
17892,110000,16,0
17892,111000,16,0
17892,112000,16,0
17892,113000,16,0
17892,114000,16,0
17892,115000,16,0
17892,116000,16,0
17892,117000,16,0
17892,118000,16,0
17892,119000,16,0
17892,120000,16,0
17892,121000,16,0
17892,122000,16,0
17892,123000,16,0
17892,124000,16,0
17892,125000,16,0
17892,126000,16,0
17892,127000,16,0
17892,128000,16,0
17892,129000,16,0
17892,130000,16,0
17892,131000,16,0
17892,132000,16,0
17892,133000,16,0
17892,134000,16,0
17892,135000,16,0
17892,136000,16,0
17892,137000,16,0
17892,138000,16,0
17892,139000,16,0
17892,140000,16,0
17892,141000,16,0
17892,142000,16,0
17892,143000,16,0
17892,144000,16,0
17892,145000,16,0
17892,146000,16,0
17892,147000,16,0
17892,148000,16,0
17892,149000,16,0
17892,150000,16,0
17892,151000,16,0
17892,152000,16,0
17892,153000,16,0
17892,154000,16,0
17892,155000,16,0
17892,156000,16,0
17892,157000,16,0
17892,158000,16,0
17892,159000,16,0
17892,160000,16,0
17892,161000,16,0
17892,162000,16,0
17892,163000,16,0
17892,164000,16,0
17892,165000,16,0
17892,166000,16,0
17892,167000,16,0
17892,168000,16,0
17892,169000,16,0
17892,170000,16,0
17892,171000,16,0
17892,172000,16,0
17892,173000,16,0
17892,174000,16,0
17892,175000,16,0
17892,176000,16,0
17892,177000,16,0
17892,178000,16,0
17892,179000,16,0
17892,180000,16,0
17892,181000,16,0
17892,182000,16,0
17892,183000,16,0
17892,184000,16,0
17892,185000,16,0
17892,186000,16,0
17892,187000,16,0
17892,188000,16,0
17892,189000,16,0
17892,190000,16,0
17892,191000,16,0
17892,192000,16,0
17892,193000,16,0
17892,194000,16,0
17892,195000,16,0
17892,196000,16,0
17892,197000,16,0
17892,198000,16,0
17892,199000,16,0
17892,200000,16,0
17892,201000,16,0
17892,202000,16,0
17892,203000,16,0
17892,204000,16,0
17892,205000,16,0
17892,206000,16,0
17892,207000,16,0
17892,208000,16,0
17892,209000,16,0
17892,210000,16,0
17892,211000,16,0
17892,212000,16,0
17892,213000,16,0
17892,214000,16,0
17892,215000,16,0
17892,216000,16,0
17892,217000,16,0
17892,218000,16,0
17892,219000,16,0
17892,220000,16,0
17892,221000,16,0
17892,222000,16,0
17892,223000,16,0
17892,224000,16,0
17892,225000,16,0
17892,226000,16,0
17892,227000,16,0
17892,228000,16,0
17892,229000,16,0
17892,230000,16,0
17892,231000,16,0
17892,232000,16,0
17892,233000,16,0
17892,234000,16,0
17892,235000,16,0
17892,236000,16,0
17892,237000,16,0
17892,238000,16,0
17892,239000,16,0
17892,240000,16,0
17892,241000,16,0
17892,242000,16,0
17892,243000,16,0
17892,244000,16,0
17892,245000,16,0
17892,246000,16,0
17892,247000,16,0
17892,248000,16,0
17892,249000,16,0
17892,250000,16,0
17893,0,15,1
17893,1000,17,1
17893,2000,18,1
17893,3000,19,1
17893,4000,19,1
17893,5000,19,1
17893,6000,18,1
17893,7000,19,1
17893,8000,19,1
17893,9000,19,1
17893,10000,19,1
17893,11000,19,1
17893,12000,19,1
17893,13000,19,1
17893,14000,19,1
17893,15000,19,1
17893,16000,19,1
17893,17000,20,1
17893,18000,19,1
17893,19000,22,1
17893,20000,24,1
17893,21000,25,1
17893,22000,23,1
17893,23000,25,1
17893,24000,26,1
17893,25000,26,1
17893,26000,25,1
17893,27000,26,1
17893,28000,26,1
17893,29000,22,1
17893,30000,24,1
17893,31000,24,1
17893,32000,25,1
17893,33000,28,1
17893,34000,24,1
17893,35000,26,1
17893,36000,25,1
17893,37000,26,1
17893,38000,27,1
17893,39000,30,1
17893,40000,31,1
17893,41000,32,1
17893,42000,33,1
17893,43000,35,1
17893,44000,38,1
17893,45000,39,1
17893,46000,39,1
17893,47000,39,1
17893,48000,42,1
17893,49000,44,1
17893,50000,45,1
17893,51000,47,1
17893,52000,48,1
17893,53000,94,1
17893,54000,94,1
17893,55000,94,1
17893,56000,94,1
17893,57000,94,1
17893,58000,94,1
17893,59000,94,1
17893,60000,94,1
17893,61000,94,1
17893,62000,94,1
17893,63000,94,1
17893,64000,94,1
17893,65000,94,1
17893,66000,94,1
17893,67000,94,1
17893,68000,94,1
17893,69000,94,1
17893,70000,94,1
17893,71000,93,1
17893,72000,93,1
17893,73000,93,1
17893,74000,93,1
17893,75000,94,1
17893,76000,93,1
17893,77000,92,1
17893,78000,99,1
17893,79000,100,1
17893,80000,104,1
17893,81000,206,1
17893,82000,206,1
17893,83000,206,1
17893,84000,206,1
17893,85000,206,1
17893,86000,209,1
17893,87000,207,1
17893,88000,200,1
17893,89000,199,1
17893,90000,198,1
17893,91000,200,1
17893,92000,200,1
17893,93000,199,1
17893,94000,199,1
17893,95000,200,1
17893,96000,198,1
17893,97000,201,1
17893,98000,197,1
17893,99000,194,1
17893,100000,193,1
17893,101000,193,1
17893,102000,192,1
17893,103000,196,1
17893,104000,195,1
17893,105000,196,1
17893,106000,196,1
17893,107000,196,1
17893,108000,196,1
17893,109000,196,1
17893,110000,195,1
17893,111000,195,1
17893,112000,195,1
17893,113000,193,1
17893,114000,193,1
17893,115000,194,1
17893,116000,193,1
17893,117000,193,1
17893,118000,191,1
17893,119000,189,1
17893,120000,189,1
17893,121000,182,1
17893,122000,184,1
17893,123000,185,1
17893,124000,183,1
17893,125000,184,1
17893,126000,183,1
17894,0,15,0
17894,1000,15,0
17894,2000,17,0
17894,3000,17,0
17894,4000,17,0
17894,5000,17,0
17894,6000,18,0
17894,7000,23,0
17894,8000,24,0
17894,9000,25,0
17894,10000,23,0
17894,11000,24,0
17894,12000,24,0
17894,13000,25,0
17894,14000,25,0
17894,15000,24,0
17894,16000,24,0
17894,17000,24,0
17894,18000,24,0
17894,19000,23,0
17894,20000,23,0
17894,21000,23,0
17894,22000,23,0
17894,23000,23,0
17894,24000,23,0
17894,25000,23,0
17894,26000,23,0
17894,27000,24,0
17894,28000,24,0
17894,29000,25,0
17894,30000,27,0
17894,31000,27,0
17894,32000,27,0
17894,33000,28,0
17894,34000,28,0
17894,35000,28,0
17894,36000,27,0
17894,37000,28,0
17894,38000,28,0
17894,39000,28,0
17894,40000,28,0
17894,41000,28,0
17894,42000,28,0
17894,43000,28,0
17894,44000,28,0
17894,45000,28,0
17894,46000,28,0
17894,47000,28,0
17894,48000,28,0
17894,49000,29,0
17894,50000,29,0
17894,51000,29,0
17894,52000,28,0
17894,53000,27,0
17894,54000,27,0
17894,55000,27,0
17894,56000,27,0
17894,57000,27,0
17894,58000,27,0
17894,59000,27,0
17894,60000,27,0
17894,61000,27,0
17894,62000,27,0
17894,63000,27,0
17894,64000,27,0
17894,65000,27,0
17894,66000,27,0
17894,67000,27,0
17894,68000,27,0
17894,69000,27,0
17894,70000,27,0
17894,71000,27,0
17894,72000,28,0
17894,73000,28,0
17894,74000,29,0
17894,75000,29,0
17894,76000,29,0
17894,77000,29,0
17894,78000,28,0
17894,79000,28,0
17894,80000,28,0
17894,81000,30,0
17894,82000,29,0
17894,83000,29,0
17894,84000,29,0
17894,85000,28,0
17894,86000,28,0
17894,87000,28,0
17894,88000,28,0
17894,89000,28,0
17894,90000,28,0
17894,91000,28,0
17894,92000,28,0
17894,93000,28,0
17894,94000,28,0
17894,95000,28,0
17894,96000,28,0
17894,97000,28,0
17894,98000,28,0
17894,99000,28,0
17894,100000,28,0
17894,101000,28,0
17894,102000,28,0
17894,103000,28,0
17894,104000,28,0
17894,105000,28,0
17894,106000,28,0
17894,107000,28,0
17894,108000,29,0
17894,109000,29,0
17894,110000,29,0
17894,111000,29,0
17894,112000,29,0
17894,113000,29,0
17894,114000,29,0
17894,115000,29,0
17894,116000,29,0
17894,117000,29,0
17894,118000,29,0
17894,119000,29,0
17894,120000,29,0
17894,121000,29,0
17894,122000,29,0
17894,123000,29,0
17894,124000,29,0
17894,125000,29,0
17894,126000,29,0
17894,127000,28,0
17894,128000,28,0
17894,129000,28,0
17894,130000,28,0
17894,131000,29,0
17894,132000,29,0
17894,133000,29,0
17894,134000,29,0
17894,135000,30,0
17894,136000,30,0
17894,137000,30,0
17894,138000,30,0
17894,139000,28,0
17894,140000,28,0
17894,141000,28,0
17894,142000,28,0
17894,143000,28,0
17894,144000,29,0
17894,145000,29,0
17894,146000,29,0
17894,147000,29,0
17894,148000,30,0
17894,149000,30,0
17894,150000,30,0
17894,151000,30,0
17894,152000,30,0
17894,153000,30,0
17894,154000,30,0
17894,155000,30,0
17894,156000,30,0
17894,157000,30,0
17894,158000,30,0
17894,159000,30,0
17894,160000,44,0
17894,161000,44,0
17894,162000,45,0
17894,163000,45,0
17894,164000,44,0
17894,165000,44,0
17894,166000,44,0
17894,167000,45,0
17894,168000,47,0
17894,169000,47,0
17894,170000,47,0
17894,171000,47,0
17894,172000,47,0
17894,173000,47,0
17894,174000,47,0
17894,175000,47,0
17894,176000,47,0
17894,177000,47,0
17894,178000,47,0
17894,179000,47,0
17894,180000,48,0
17894,181000,48,0
17894,182000,49,0
17894,183000,49,0
17894,184000,48,0
17894,185000,48,0
17894,186000,48,0
17894,187000,48,0
17894,188000,48,0
17894,189000,48,0
17894,190000,48,0
17894,191000,48,0
17894,192000,48,0
17894,193000,48,0
17894,194000,48,0
17894,195000,48,0
17894,196000,48,0
17894,197000,48,0
17894,198000,48,0
17894,199000,48,0
17894,200000,48,0
17894,201000,48,0
17894,202000,48,0
17894,203000,48,0
17894,204000,48,0
17894,205000,48,0
17894,206000,48,0
17894,207000,49,0
17894,208000,49,0
17894,209000,49,0
17894,210000,49,0
17894,211000,49,0
17894,212000,49,0
17894,213000,50,0
17894,214000,50,0
17894,215000,50,0
17894,216000,49,0
17894,217000,49,0
17894,218000,49,0
17894,219000,49,0
17894,220000,49,0
17894,221000,49,0
17894,222000,49,0
17894,223000,49,0
17894,224000,49,0
17894,225000,49,0
17894,226000,49,0
17894,227000,49,0
17894,228000,49,0
17894,229000,49,0
17894,230000,49,0
17894,231000,49,0
17894,232000,49,0
17894,233000,49,0
17894,234000,49,0
17894,235000,50,0
17894,236000,51,0
17894,237000,51,0
17894,238000,51,0
17894,239000,51,0
17894,240000,51,0
17894,241000,51,0
17894,242000,51,0
17894,243000,51,0
17894,244000,51,0
17894,245000,51,0
17894,246000,51,0
17894,247000,51,0
17894,248000,51,0
17894,249000,50,0
17894,250000,50,0
17895,0,15,0
17895,1000,16,0
17895,2000,16,0
17895,3000,16,0
17895,4000,16,0
17895,5000,16,0
17895,6000,16,0
17895,7000,16,0
17895,8000,16,0
17895,9000,18,0
17895,10000,18,0
17895,11000,18,0
17895,12000,18,0
17895,13000,18,0
17895,14000,18,0
17895,15000,18,0
17895,16000,18,0
17895,17000,18,0
17895,18000,18,0
17895,19000,18,0
17895,20000,18,0
17895,21000,18,0
17895,22000,18,0
17895,23000,18,0
17895,24000,18,0
17895,25000,18,0
17895,26000,18,0
17895,27000,18,0
17895,28000,18,0
17895,29000,20,0
17895,30000,20,0
17895,31000,20,0
17895,32000,20,0
17895,33000,20,0
17895,34000,20,0
17895,35000,20,0
17895,36000,20,0
17895,37000,20,0
17895,38000,20,0
17895,39000,20,0
17895,40000,20,0
17895,41000,20,0
17895,42000,20,0
17895,43000,20,0
17895,44000,20,0
17895,45000,20,0
17895,46000,20,0
17895,47000,20,0
17895,48000,20,0
17895,49000,20,0
17895,50000,20,0
17895,51000,20,0
17895,52000,20,0
17895,53000,20,0
17895,54000,20,0
17895,55000,20,0
17895,56000,20,0
17895,57000,20,0
17895,58000,20,0
17895,59000,20,0
17895,60000,20,0
17895,61000,20,0
17895,62000,21,0
17895,63000,21,0
17895,64000,21,0
17895,65000,21,0
17895,66000,21,0
17895,67000,21,0
17895,68000,21,0
17895,69000,20,0
17895,70000,20,0
17895,71000,20,0
17895,72000,20,0
17895,73000,20,0
17895,74000,20,0
17895,75000,20,0
17895,76000,20,0
17895,77000,20,0
17895,78000,20,0
17895,79000,20,0
17895,80000,20,0
17895,81000,20,0
17895,82000,20,0
17895,83000,20,0
17895,84000,20,0
17895,85000,20,0
17895,86000,20,0
17895,87000,20,0
17895,88000,21,0
17895,89000,21,0
17895,90000,21,0
17895,91000,21,0
17895,92000,22,0
17895,93000,22,0
17895,94000,21,0
17895,95000,21,0
17895,96000,21,0
17895,97000,21,0
17895,98000,21,0
17895,99000,21,0
17895,100000,22,0
17895,101000,22,0
17895,102000,23,0
17895,103000,23,0
17895,104000,23,0
17895,105000,21,0
17895,106000,21,0
17895,107000,21,0
17895,108000,22,0
17895,109000,22,0
17895,110000,22,0
17895,111000,22,0
17895,112000,22,0
17895,113000,23,0
17895,114000,23,0
17895,115000,24,0
17895,116000,30,0
17895,117000,30,0
17895,118000,30,0
17895,119000,30,0
17895,120000,30,0
17895,121000,30,0
17895,122000,30,0
17895,123000,31,0
17895,124000,31,0
17895,125000,31,0
17895,126000,31,0
17895,127000,31,0
17895,128000,31,0
17895,129000,31,0
17895,130000,31,0
17895,131000,32,0
17895,132000,32,0
17895,133000,32,0
17895,134000,32,0
17895,135000,33,0
17895,136000,32,0
17895,137000,32,0
17895,138000,33,0
17895,139000,33,0
17895,140000,33,0
17895,141000,33,0
17895,142000,31,0
17895,143000,31,0
17895,144000,31,0
17895,145000,31,0
17895,146000,30,0
17895,147000,30,0
17895,148000,21,0
17895,149000,21,0
17895,150000,21,0
17895,151000,21,0
17895,152000,22,0
17895,153000,22,0
17895,154000,22,0
17895,155000,22,0
17895,156000,22,0
17895,157000,23,0
17895,158000,23,0
17895,159000,22,0
17895,160000,22,0
17895,161000,22,0
17895,162000,22,0
17895,163000,22,0
17895,164000,22,0
17895,165000,22,0
17895,166000,22,0
17895,167000,22,0
17895,168000,22,0
17895,169000,24,0
17895,170000,24,0
17895,171000,24,0
17895,172000,23,0
17895,173000,23,0
17895,174000,23,0
17895,175000,22,0
17895,176000,21,0
17895,177000,22,0
17895,178000,23,0
17895,179000,23,0
17895,180000,23,0
17895,181000,24,0
17895,182000,24,0
17895,183000,24,0
17895,184000,24,0
17895,185000,24,0
17895,186000,24,0
17895,187000,27,0
17895,188000,27,0
17895,189000,27,0
17895,190000,27,0
17895,191000,27,0
17895,192000,28,0
17895,193000,29,0
17895,194000,29,0
17895,195000,29,0
17895,196000,29,0
17895,197000,29,0
17895,198000,29,0
17895,199000,29,0
17895,200000,31,0
17895,201000,32,0
17895,202000,31,0
17895,203000,32,0
17895,204000,32,0
17895,205000,32,0
17895,206000,32,0
17895,207000,31,0
17895,208000,31,0
17895,209000,30,0
17895,210000,31,0
17895,211000,31,0
17895,212000,30,0
17895,213000,30,0
17895,214000,30,0
17895,215000,29,0
17895,216000,29,0
17895,217000,29,0
17895,218000,29,0
17895,219000,29,0
17895,220000,29,0
17895,221000,29,0
17895,222000,29,0
17895,223000,29,0
17895,224000,29,0
17895,225000,29,0
17895,226000,29,0
17895,227000,29,0
17895,228000,29,0
17895,229000,29,0
17895,230000,28,0
17895,231000,30,0
17895,232000,31,0
17895,233000,32,0
17895,234000,32,0
17895,235000,32,0
17895,236000,33,0
17895,237000,33,0
17895,238000,32,0
17895,239000,33,0
17895,240000,34,0
17895,241000,35,0
17895,242000,34,0
17895,243000,34,0
17895,244000,35,0
17895,245000,35,0
17895,246000,34,0
17895,247000,33,0
17895,248000,33,0
17895,249000,33,0
17895,250000,32,0
17896,0,15,1
17896,1000,15,1
17896,2000,15,1
17896,3000,15,1
17896,4000,16,1
17896,5000,18,1
17896,6000,18,1
17896,7000,20,1
17896,8000,21,1
17896,9000,23,1
17896,10000,24,1
17896,11000,22,1
17896,12000,21,1
17896,13000,19,1
17896,14000,21,1
17896,15000,22,1
17896,16000,21,1
17896,17000,25,1
17896,18000,27,1
17896,19000,28,1
17896,20000,29,1
17896,21000,28,1
17896,22000,28,1
17896,23000,28,1
17896,24000,31,1
17896,25000,31,1
17896,26000,31,1
17896,27000,31,1
17896,28000,31,1
17896,29000,31,1
17896,30000,31,1
17896,31000,31,1
17896,32000,33,1
17896,33000,32,1
17896,34000,32,1
17896,35000,32,1
17896,36000,32,1
17896,37000,31,1
17896,38000,31,1
17896,39000,31,1
17896,40000,31,1
17896,41000,31,1
17896,42000,31,1
17896,43000,31,1
17896,44000,31,1
17896,45000,31,1
17896,46000,30,1
17896,47000,30,1
17896,48000,30,1
17896,49000,30,1
17896,50000,30,1
17896,51000,30,1
17896,52000,31,1
17896,53000,31,1
17896,54000,32,1
17896,55000,33,1
17896,56000,33,1
17896,57000,33,1
17896,58000,31,1
17896,59000,32,1
17896,60000,32,1
17896,61000,32,1
17896,62000,32,1
17896,63000,32,1
17896,64000,32,1
17896,65000,32,1
17896,66000,32,1
17896,67000,31,1
17896,68000,31,1
17896,69000,31,1
17896,70000,31,1
17896,71000,31,1
17896,72000,31,1
17896,73000,31,1
17896,74000,31,1
17896,75000,31,1
17896,76000,31,1
17896,77000,31,1
17896,78000,31,1
17896,79000,32,1
17896,80000,31,1
17896,81000,31,1
17896,82000,31,1
17896,83000,31,1
17896,84000,31,1
17896,85000,31,1
17896,86000,31,1
17896,87000,31,1
17896,88000,31,1
17896,89000,31,1
17896,90000,31,1
17896,91000,31,1
17896,92000,31,1
17896,93000,31,1
17896,94000,32,1
17896,95000,32,1
17896,96000,32,1
17896,97000,32,1
17896,98000,32,1
17896,99000,33,1
17896,100000,34,1
17896,101000,34,1
17896,102000,36,1
17896,103000,35,1
17896,104000,35,1
17896,105000,35,1
17896,106000,37,1
17896,107000,38,1
17896,108000,38,1
17896,109000,38,1
17896,110000,38,1
17896,111000,38,1
17896,112000,42,1
17896,113000,41,1
17896,114000,41,1
17896,115000,41,1
17896,116000,41,1
17896,117000,41,1
17896,118000,41,1
17896,119000,42,1
17896,120000,41,1
17896,121000,41,1
17896,122000,40,1
17896,123000,39,1
17896,124000,37,1
17896,125000,38,1
17896,126000,38,1
17896,127000,38,1
17896,128000,38,1
17896,129000,38,1
17896,130000,38,1
17896,131000,38,1
17896,132000,38,1
17896,133000,38,1
17896,134000,38,1
17896,135000,37,1
17896,136000,36,1
17896,137000,37,1
17896,138000,38,1
17896,139000,38,1
17896,140000,38,1
17896,141000,38,1
17896,142000,38,1
17896,143000,38,1
17896,144000,38,1
17896,145000,39,1
17896,146000,38,1
17896,147000,38,1
17896,148000,38,1
17896,149000,37,1
17896,150000,37,1
17896,151000,37,1
17896,152000,32,1
17896,153000,31,1
17896,154000,31,1
17896,155000,31,1
17896,156000,31,1
17896,157000,31,1
17896,158000,31,1
17896,159000,32,1
17896,160000,31,1
17896,161000,31,1
17896,162000,32,1
17896,163000,32,1
17896,164000,32,1
17896,165000,32,1
17896,166000,32,1
17896,167000,32,1
17896,168000,32,1
17896,169000,32,1
17896,170000,32,1
17896,171000,32,1
17896,172000,32,1
17896,173000,32,1
17896,174000,32,1
17896,175000,32,1
17896,176000,33,1
17896,177000,33,1
17896,178000,32,1
17896,179000,32,1
17896,180000,31,1
17896,181000,31,1
17896,182000,31,1
17896,183000,31,1
17896,184000,31,1
17896,185000,31,1
17896,186000,31,1
17896,187000,31,1
17896,188000,31,1
17896,189000,32,1
17896,190000,37,1
17896,191000,38,1
17896,192000,38,1
17896,193000,38,1
17896,194000,38,1
17896,195000,38,1
17896,196000,38,1
17896,197000,38,1
17896,198000,38,1
17896,199000,38,1
17896,200000,38,1
17896,201000,39,1
17896,202000,37,1
17896,203000,37,1
17896,204000,37,1
17896,205000,37,1
17896,206000,37,1
17896,207000,37,1
17896,208000,38,1
17896,209000,38,1
17896,210000,37,1
17896,211000,37,1
17896,212000,37,1
17896,213000,37,1
17896,214000,37,1
17896,215000,37,1
17896,216000,37,1
17896,217000,43,1
17896,218000,43,1
17896,219000,43,1
17896,220000,43,1
17896,221000,43,1
17896,222000,43,1
17896,223000,43,1
17896,224000,44,1
17896,225000,44,1
17896,226000,44,1
17896,227000,45,1
17896,228000,45,1
17896,229000,45,1
17896,230000,45,1
17896,231000,45,1
17896,232000,45,1
17896,233000,46,1
17896,234000,46,1
17896,235000,45,1
17896,236000,87,1
17896,237000,88,1
17897,0,15,1
17897,1000,15,1
17897,2000,15,1
17897,3000,15,1
17897,4000,17,1
17897,5000,18,1
17897,6000,19,1
17897,7000,21,1
17897,8000,20,1
17897,9000,19,1
17897,10000,18,1
17897,11000,19,1
17897,12000,22,1
17897,13000,22,1
17897,14000,22,1
17897,15000,22,1
17897,16000,21,1
17897,17000,19,1
17897,18000,20,1
17897,19000,21,1
17897,20000,22,1
17897,21000,22,1
17897,22000,22,1
17897,23000,36,1
17897,24000,38,1
17897,25000,36,1
17897,26000,36,1
17897,27000,34,1
17897,28000,37,1
17897,29000,37,1
17897,30000,34,1
17897,31000,71,1
17897,32000,72,1
17897,33000,77,1
17897,34000,82,1
17897,35000,84,1
17897,36000,86,1
17897,37000,85,1
17897,38000,88,1
17897,39000,91,1
17897,40000,90,1
17897,41000,92,1
17897,42000,65,1
17897,43000,133,1
17897,44000,129,1
17897,45000,129,1
17897,46000,128,1
17897,47000,128,1
17897,48000,128,1
17897,49000,127,1
17897,50000,127,1
17897,51000,128,1
17897,52000,126,1
17897,53000,126,1
17898,0,15,1
17898,1000,16,1
17898,2000,16,1
17898,3000,15,1
17898,4000,17,1
17898,5000,19,1
17898,6000,19,1
17898,7000,23,1
17898,8000,23,1
17898,9000,25,1
17898,10000,25,1
17898,11000,25,1
17898,12000,25,1
17898,13000,25,1
17898,14000,25,1
17898,15000,25,1
17898,16000,25,1
17898,17000,25,1
17898,18000,25,1
17898,19000,25,1
17898,20000,25,1
17898,21000,25,1
17898,22000,25,1
17898,23000,25,1
17898,24000,25,1
17898,25000,25,1
17898,26000,25,1
17898,27000,25,1
17898,28000,25,1
17898,29000,25,1
17898,30000,25,1
17898,31000,25,1
17898,32000,25,1
17898,33000,25,1
17898,34000,25,1
17898,35000,25,1
17898,36000,25,1
17898,37000,25,1
17898,38000,25,1
17898,39000,25,1
17898,40000,25,1
17898,41000,25,1
17898,42000,25,1
17898,43000,25,1
17898,44000,25,1
17898,45000,25,1
17898,46000,25,1
17898,47000,25,1
17898,48000,25,1
17898,49000,24,1
17898,50000,24,1
17898,51000,24,1
17898,52000,24,1
17898,53000,24,1
17898,54000,24,1
17898,55000,24,1
17898,56000,25,1
17898,57000,26,1
17898,58000,26,1
17898,59000,26,1
17898,60000,28,1
17898,61000,29,1
17898,62000,30,1
17898,63000,30,1
17898,64000,32,1
17898,65000,35,1
17898,66000,34,1
17898,67000,33,1
17898,68000,33,1
17898,69000,34,1
17898,70000,38,1
17898,71000,37,1
17898,72000,39,1
17898,73000,40,1
17898,74000,37,1
17898,75000,37,1
17898,76000,37,1
17898,77000,40,1
17898,78000,38,1
17898,79000,39,1
17898,80000,41,1
17898,81000,41,1
17898,82000,40,1
17898,83000,43,1
17898,84000,46,1
17898,85000,44,1
17898,86000,42,1
17898,87000,43,1
17898,88000,41,1
17898,89000,39,1
17898,90000,38,1
17898,91000,37,1
17898,92000,36,1
17898,93000,37,1
17898,94000,40,1
17898,95000,41,1
17898,96000,41,1
17898,97000,41,1
17898,98000,41,1
17898,99000,41,1
17898,100000,42,1
17898,101000,42,1
17898,102000,42,1
17898,103000,41,1
17898,104000,41,1
17898,105000,41,1
17898,106000,42,1
17898,107000,42,1
17898,108000,41,1
17898,109000,41,1
17898,110000,41,1
17898,111000,41,1
17898,112000,41,1
17898,113000,40,1
17898,114000,40,1
17898,115000,40,1
17898,116000,40,1
17898,117000,40,1
17898,118000,40,1
17898,119000,40,1
17898,120000,40,1
17898,121000,40,1
17898,122000,40,1
17898,123000,40,1
17898,124000,40,1
17898,125000,38,1
17898,126000,38,1
17898,127000,38,1
17898,128000,38,1
17898,129000,38,1
17898,130000,38,1
17898,131000,38,1
17898,132000,38,1
17898,133000,38,1
17898,134000,38,1
17898,135000,38,1
17898,136000,38,1
17898,137000,38,1
17898,138000,38,1
17898,139000,38,1
17898,140000,38,1
17898,141000,39,1
17898,142000,40,1
17898,143000,40,1
17898,144000,40,1
17898,145000,40,1
17898,146000,41,1
17898,147000,41,1
17898,148000,40,1
17898,149000,40,1
17898,150000,40,1
17898,151000,40,1
17898,152000,39,1
17898,153000,45,1
17898,154000,45,1
17898,155000,45,1
17898,156000,45,1
17898,157000,45,1
17898,158000,45,1
17898,159000,45,1
17898,160000,46,1
17898,161000,46,1
17898,162000,46,1
17898,163000,46,1
17898,164000,46,1
17898,165000,45,1
17898,166000,45,1
17898,167000,46,1
17898,168000,46,1
17898,169000,47,1
17898,170000,47,1
17898,171000,47,1
17898,172000,47,1
17898,173000,47,1
17898,174000,45,1
17898,175000,45,1
17898,176000,46,1
17898,177000,46,1
17898,178000,46,1
17898,179000,47,1
17898,180000,48,1
17898,181000,48,1
17898,182000,49,1
17898,183000,48,1
17898,184000,48,1
17898,185000,48,1
17898,186000,48,1
17898,187000,48,1
17898,188000,48,1
17898,189000,48,1
17898,190000,52,1
17898,191000,106,1
17899,0,15,1
17899,1000,15,1
17899,2000,14,1
17899,3000,15,1
17899,4000,15,1
17899,5000,16,1
17899,6000,17,1
17899,7000,16,1
17899,8000,16,1
17899,9000,18,1
17899,10000,21,1
17899,11000,20,1
17899,12000,20,1
17899,13000,41,1
17899,14000,42,1
17899,15000,39,1
17899,16000,38,1
17899,17000,41,1
17899,18000,39,1
17899,19000,38,1
17899,20000,40,1
17899,21000,36,1
17899,22000,36,1
17899,23000,35,1
17899,24000,36,1
17899,25000,34,1
17899,26000,34,1
17899,27000,35,1
17899,28000,36,1
17899,29000,34,1
17899,30000,33,1
17899,31000,33,1
17899,32000,34,1
17899,33000,36,1
17899,34000,34,1
17899,35000,35,1
17899,36000,38,1
17899,37000,38,1
17899,38000,38,1
17899,39000,38,1
17899,40000,37,1
17899,41000,38,1
17899,42000,38,1
17899,43000,39,1
17899,44000,42,1
17899,45000,39,1
17899,46000,78,1
17899,47000,78,1
17899,48000,74,1
17899,49000,75,1
17899,50000,77,1
17899,51000,77,1
17899,52000,79,1
17899,53000,78,1
17899,54000,78,1
17899,55000,79,1
17899,56000,78,1
17899,57000,85,1
17899,58000,85,1
17899,59000,79,1
17899,60000,77,1
17899,61000,77,1
17899,62000,77,1
17899,63000,78,1
17899,64000,79,1
17899,65000,77,1
17899,66000,75,1
17899,67000,74,1
17899,68000,71,1
17899,69000,46,1
17899,70000,47,1
17899,71000,51,1
17899,72000,52,1
17899,73000,55,1
17899,74000,58,1
17899,75000,59,1
17899,76000,60,1
17899,77000,63,1
17899,78000,69,1
17899,79000,69,1
17899,80000,72,1
17899,81000,74,1
17899,82000,75,1
17899,83000,82,1
17899,84000,83,1
17899,85000,85,1
17899,86000,82,1
17899,87000,85,1
17899,88000,87,1
17899,89000,85,1
17899,90000,86,1
17899,91000,89,1
17899,92000,89,1
17899,93000,90,1
17899,94000,100,1
17899,95000,100,1
17899,96000,102,1
17899,97000,99,1
17899,98000,97,1
17899,99000,96,1
17899,100000,97,1
17899,101000,98,1
17899,102000,101,1
17899,103000,105,1
17899,104000,104,1
17899,105000,105,1
17899,106000,105,1
17899,107000,101,1
17899,108000,102,1
17899,109000,101,1
17899,110000,100,1
17899,111000,105,1
17899,112000,108,1
17899,113000,107,1
17899,114000,218,1
17899,115000,219,1
17899,116000,219,1
17899,117000,217,1
17899,118000,216,1
17899,119000,213,1
17899,120000,213,1
17899,121000,212,1
17899,122000,211,1
17899,123000,207,1
17899,124000,209,1
17899,125000,207,1
17899,126000,207,1
17899,127000,196,1
17899,128000,196,1
17899,129000,195,1
17899,130000,197,1
17899,131000,197,1
17899,132000,202,1
17899,133000,201,1
17899,134000,201,1
17899,135000,205,1
17899,136000,206,1
17899,137000,212,1
17899,138000,211,1
17899,139000,208,1
17899,140000,211,1
17899,141000,211,1
17899,142000,210,1
17899,143000,210,1
17899,144000,208,1
17899,145000,207,1
17899,146000,206,1
17899,147000,206,1
17899,148000,207,1
17899,149000,208,1
17900,0,15,0
17900,1000,15,0
17900,2000,14,0
17900,3000,14,0
17900,4000,15,0
17900,5000,15,0
17900,6000,15,0
17900,7000,15,0
17900,8000,15,0
17900,9000,15,0
17900,10000,15,0
17900,11000,15,0
17900,12000,15,0
17900,13000,15,0
17900,14000,15,0
17900,15000,15,0
17900,16000,15,0
17900,17000,15,0
17900,18000,15,0
17900,19000,15,0
17900,20000,15,0
17900,21000,15,0
17900,22000,15,0
17900,23000,15,0
17900,24000,15,0
17900,25000,15,0
17900,26000,15,0
17900,27000,15,0
17900,28000,15,0
17900,29000,15,0
17900,30000,15,0
17900,31000,15,0
17900,32000,15,0
17900,33000,15,0
17900,34000,15,0
17900,35000,15,0
17900,36000,15,0
17900,37000,15,0
17900,38000,15,0
17900,39000,15,0
17900,40000,15,0
17900,41000,15,0
17900,42000,14,0
17900,43000,15,0
17900,44000,16,0
17900,45000,16,0
17900,46000,16,0
17900,47000,17,0
17900,48000,17,0
17900,49000,17,0
17900,50000,17,0
17900,51000,17,0
17900,52000,17,0
17900,53000,17,0
17900,54000,17,0
17900,55000,17,0
17900,56000,16,0
17900,57000,16,0
17900,58000,16,0
17900,59000,16,0
17900,60000,16,0
17900,61000,16,0
17900,62000,16,0
17900,63000,16,0
17900,64000,16,0
17900,65000,16,0
17900,66000,15,0
17900,67000,15,0
17900,68000,15,0
17900,69000,15,0
17900,70000,18,0
17900,71000,19,0
17900,72000,20,0
17900,73000,20,0
17900,74000,20,0
17900,75000,20,0
17900,76000,20,0
17900,77000,20,0
17900,78000,20,0
17900,79000,20,0
17900,80000,20,0
17900,81000,20,0
17900,82000,20,0
17900,83000,21,0
17900,84000,21,0
17900,85000,21,0
17900,86000,21,0
17900,87000,21,0
17900,88000,21,0
17900,89000,21,0
17900,90000,21,0
17900,91000,22,0
17900,92000,23,0
17900,93000,23,0
17900,94000,23,0
17900,95000,24,0
17900,96000,24,0
17900,97000,24,0
17900,98000,23,0
17900,99000,23,0
17900,100000,23,0
17900,101000,23,0
17900,102000,24,0
17900,103000,25,0
17900,104000,26,0
17900,105000,26,0
17900,106000,25,0
17900,107000,25,0
17900,108000,25,0
17900,109000,24,0
17900,110000,24,0
17900,111000,23,0
17900,112000,23,0
17900,113000,23,0
17900,114000,23,0
17900,115000,23,0
17900,116000,21,0
17900,117000,21,0
17900,118000,21,0
17900,119000,21,0
17900,120000,21,0
17900,121000,21,0
17900,122000,21,0
17900,123000,21,0
17900,124000,21,0
17900,125000,21,0
17900,126000,21,0
17900,127000,21,0
17900,128000,21,0
17900,129000,21,0
17900,130000,21,0
17900,131000,21,0
17900,132000,21,0
17900,133000,21,0
17900,134000,21,0
17900,135000,21,0
17900,136000,21,0
17900,137000,21,0
17900,138000,21,0
17900,139000,21,0
17900,140000,21,0
17900,141000,21,0
17900,142000,21,0
17900,143000,21,0
17900,144000,21,0
17900,145000,21,0
17900,146000,21,0
17900,147000,22,0
17900,148000,22,0
17900,149000,22,0
17900,150000,22,0
17900,151000,23,0
17900,152000,23,0
17900,153000,23,0
17900,154000,23,0
17900,155000,22,0
17900,156000,21,0
17900,157000,22,0
17900,158000,22,0
17900,159000,34,0
17900,160000,34,0
17900,161000,34,0
17900,162000,34,0
17900,163000,31,0
17900,164000,31,0
17900,165000,31,0
17900,166000,31,0
17900,167000,31,0
17900,168000,31,0
17900,169000,31,0
17900,170000,31,0
17900,171000,31,0
17900,172000,31,0
17900,173000,31,0
17900,174000,31,0
17900,175000,31,0
17900,176000,31,0
17900,177000,31,0
17900,178000,31,0
17900,179000,31,0
17900,180000,31,0
17900,181000,31,0
17900,182000,31,0
17900,183000,31,0
17900,184000,31,0
17900,185000,31,0
17900,186000,31,0
17900,187000,31,0
17900,188000,31,0
17900,189000,31,0
17900,190000,31,0
17900,191000,31,0
17900,192000,31,0
17900,193000,32,0
17900,194000,32,0
17900,195000,33,0
17900,196000,33,0
17900,197000,33,0
17900,198000,34,0
17900,199000,34,0
17900,200000,33,0
17900,201000,32,0
17900,202000,32,0
17900,203000,32,0
17900,204000,32,0
17900,205000,32,0
17900,206000,32,0
17900,207000,32,0
17900,208000,32,0
17900,209000,31,0
17900,210000,31,0
17900,211000,31,0
17900,212000,31,0
17900,213000,31,0
17900,214000,32,0
17900,215000,32,0
17900,216000,32,0
17900,217000,32,0
17900,218000,32,0
17900,219000,32,0
17900,220000,32,0
17900,221000,32,0
17900,222000,32,0
17900,223000,32,0
17900,224000,17,0
17900,225000,17,0
17900,226000,17,0
17900,227000,17,0
17900,228000,17,0
17900,229000,17,0
17900,230000,17,0
17900,231000,18,0
17900,232000,19,0
17900,233000,19,0
17900,234000,20,0
17900,235000,19,0
17900,236000,19,0
17900,237000,19,0
17900,238000,19,0
17900,239000,19,0
17900,240000,18,0
17900,241000,18,0
17900,242000,18,0
17900,243000,18,0
17900,244000,18,0
17900,245000,18,0
17900,246000,18,0
17900,247000,20,0
17900,248000,20,0
17900,249000,19,0
17900,250000,19,0
17901,0,15,1
17901,1000,17,1
17901,2000,17,1
17901,3000,18,1
17901,4000,18,1
17901,5000,18,1
17901,6000,20,1
17901,7000,21,1
17901,8000,20,1
17901,9000,21,1
17901,10000,20,1
17901,11000,20,1
17901,12000,20,1
17901,13000,19,1
17901,14000,19,1
17901,15000,23,1
17901,16000,25,1
17901,17000,25,1
17901,18000,52,1
17901,19000,51,1
17901,20000,53,1
17901,21000,53,1
17901,22000,53,1
17901,23000,52,1
17901,24000,50,1
17901,25000,52,1
17901,26000,52,1
17901,27000,52,1
17901,28000,52,1
17901,29000,53,1
17901,30000,54,1
17901,31000,52,1
17901,32000,52,1
17901,33000,51,1
17901,34000,52,1
17901,35000,53,1
17901,36000,54,1
17901,37000,55,1
17901,38000,57,1
17901,39000,57,1
17901,40000,57,1
17901,41000,58,1
17901,42000,58,1
17901,43000,57,1
17901,44000,56,1
17901,45000,53,1
17901,46000,54,1
17901,47000,56,1
17901,48000,57,1
17901,49000,56,1
17901,50000,56,1
17901,51000,58,1
17901,52000,60,1
17901,53000,61,1
17901,54000,65,1
17901,55000,64,1
17901,56000,63,1
17901,57000,65,1
17901,58000,66,1
17901,59000,65,1
17901,60000,68,1
17901,61000,70,1
17901,62000,77,1
17901,63000,77,1
17901,64000,80,1
17901,65000,83,1
17901,66000,85,1
17901,67000,89,1
17901,68000,88,1
17902,0,15,0
17902,1000,16,0
17902,2000,16,0
17902,3000,16,0
17902,4000,16,0
17902,5000,16,0
17902,6000,16,0
17902,7000,16,0
17902,8000,16,0
17902,9000,16,0
17902,10000,15,0
17902,11000,15,0
17902,12000,15,0
17902,13000,15,0
17902,14000,15,0
17902,15000,15,0
17902,16000,15,0
17902,17000,15,0
17902,18000,14,0
17902,19000,15,0
17902,20000,15,0
17902,21000,15,0
17902,22000,14,0
17902,23000,14,0
17902,24000,15,0
17902,25000,15,0
17902,26000,15,0
17902,27000,18,0
17902,28000,16,0
17902,29000,17,0
17902,30000,19,0
17902,31000,19,0
17902,32000,19,0
17902,33000,19,0
17902,34000,19,0
17902,35000,19,0
17902,36000,19,0
17902,37000,19,0
17902,38000,19,0
17902,39000,19,0
17902,40000,20,0
17902,41000,20,0
17902,42000,20,0
17902,43000,20,0
17902,44000,20,0
17902,45000,20,0
17902,46000,20,0
17902,47000,20,0
17902,48000,20,0
17902,49000,20,0
17902,50000,19,0
17902,51000,18,0
17902,52000,18,0
17902,53000,18,0
17902,54000,18,0
17902,55000,18,0
17902,56000,18,0
17902,57000,18,0
17902,58000,18,0
17902,59000,18,0
17902,60000,18,0
17902,61000,18,0
17902,62000,18,0
17902,63000,18,0
17902,64000,18,0
17902,65000,18,0
17902,66000,18,0
17902,67000,18,0
17902,68000,18,0
17902,69000,18,0
17902,70000,18,0
17902,71000,18,0
17902,72000,18,0
17902,73000,18,0
17902,74000,18,0
17902,75000,18,0
17902,76000,18,0
17902,77000,18,0
17902,78000,18,0
17902,79000,18,0
17902,80000,18,0
17902,81000,18,0
17902,82000,18,0
17902,83000,18,0
17902,84000,18,0
17902,85000,18,0
17902,86000,18,0
17902,87000,18,0
17902,88000,18,0
17902,89000,19,0
17902,90000,21,0
17902,91000,21,0
17902,92000,19,0
17902,93000,21,0
17902,94000,20,0
17902,95000,20,0
17902,96000,21,0
17902,97000,21,0
17902,98000,24,0
17902,99000,25,0
17902,100000,25,0
17902,101000,27,0
17902,102000,27,0
17902,103000,26,0
17902,104000,25,0
17902,105000,25,0
17902,106000,25,0
17902,107000,25,0
17902,108000,25,0
17902,109000,25,0
17902,110000,25,0
17902,111000,24,0
17902,112000,24,0
17902,113000,24,0
17902,114000,24,0
17902,115000,24,0
17902,116000,24,0
17902,117000,24,0
17902,118000,24,0
17902,119000,24,0
17902,120000,24,0
17902,121000,24,0
17902,122000,24,0
17902,123000,24,0
17902,124000,24,0
17902,125000,24,0
17902,126000,24,0
17902,127000,24,0
17902,128000,24,0
17902,129000,24,0
17902,130000,24,0
17902,131000,24,0
17902,132000,24,0
17902,133000,24,0
17902,134000,24,0
17902,135000,24,0
17902,136000,24,0
17902,137000,24,0
17902,138000,25,0
17902,139000,26,0
17902,140000,26,0
17902,141000,26,0
17902,142000,26,0
17902,143000,26,0
17902,144000,26,0
17902,145000,26,0
17902,146000,25,0
17902,147000,25,0
17902,148000,25,0
17902,149000,25,0
17902,150000,25,0
17902,151000,25,0
17902,152000,26,0
17902,153000,26,0
17902,154000,26,0
17902,155000,26,0
17902,156000,27,0
17902,157000,28,0
17902,158000,28,0
17902,159000,28,0
17902,160000,28,0
17902,161000,28,0
17902,162000,28,0
17902,163000,28,0
17902,164000,28,0
17902,165000,28,0
17902,166000,28,0
17902,167000,28,0
17902,168000,28,0
17902,169000,28,0
17902,170000,28,0
17902,171000,28,0
17902,172000,28,0
17902,173000,29,0
17902,174000,29,0
17902,175000,30,0
17902,176000,30,0
17902,177000,30,0
17902,178000,28,0
17902,179000,28,0
17902,180000,28,0
17902,181000,28,0
17902,182000,29,0
17902,183000,29,0
17902,184000,30,0
17902,185000,30,0
17902,186000,29,0
17902,187000,29,0
17902,188000,29,0
17902,189000,28,0
17902,190000,28,0
17902,191000,28,0
17902,192000,29,0
17902,193000,30,0
17902,194000,30,0
17902,195000,30,0
17902,196000,30,0
17902,197000,27,0
17902,198000,27,0
17902,199000,27,0
17902,200000,27,0
17902,201000,27,0
17902,202000,27,0
17902,203000,27,0
17902,204000,27,0
17902,205000,27,0
17902,206000,28,0
17902,207000,28,0
17902,208000,28,0
17902,209000,28,0
17902,210000,28,0
17902,211000,28,0
17902,212000,28,0
17902,213000,28,0
17902,214000,28,0
17902,215000,28,0
17902,216000,28,0
17902,217000,28,0
17902,218000,27,0
17902,219000,27,0
17902,220000,27,0
17902,221000,28,0
17902,222000,28,0
17902,223000,29,0
17902,224000,29,0
17902,225000,30,0
17902,226000,31,0
17902,227000,31,0
17902,228000,31,0
17902,229000,33,0
17902,230000,33,0
17902,231000,32,0
17902,232000,32,0
17902,233000,30,0
17902,234000,29,0
17902,235000,29,0
17902,236000,29,0
17902,237000,29,0
17902,238000,28,0
17902,239000,28,0
17902,240000,27,0
17902,241000,27,0
17902,242000,26,0
17902,243000,26,0
17902,244000,26,0
17902,245000,26,0
17902,246000,26,0
17902,247000,26,0
17902,248000,26,0
17902,249000,26,0
17902,250000,26,0
17903,0,15,1
17903,1000,15,1
17903,2000,15,1
17903,3000,16,1
17903,4000,16,1
17903,5000,16,1
17903,6000,15,1
17903,7000,15,1
17903,8000,15,1
17903,9000,16,1
17903,10000,15,1
17903,11000,15,1
17903,12000,14,1
17903,13000,14,1
17903,14000,14,1
17903,15000,14,1
17903,16000,14,1
17903,17000,16,1
17903,18000,18,1
17903,19000,18,1
17903,20000,19,1
17903,21000,19,1
17903,22000,19,1
17903,23000,19,1
17903,24000,19,1
17903,25000,19,1
17903,26000,19,1
17903,27000,19,1
17903,28000,19,1
17903,29000,19,1
17903,30000,19,1
17903,31000,20,1
17903,32000,20,1
17903,33000,20,1
17903,34000,20,1
17903,35000,18,1
17903,36000,18,1
17903,37000,21,1
17903,38000,21,1
17903,39000,21,1
17903,40000,21,1
17903,41000,25,1
17903,42000,25,1
17903,43000,26,1
17903,44000,56,1
17903,45000,55,1
17903,46000,55,1
17903,47000,56,1
17903,48000,58,1
17903,49000,59,1
17903,50000,64,1
17903,51000,68,1
17903,52000,67,1
17903,53000,68,1
17903,54000,73,1
17903,55000,78,1
17903,56000,82,1
17903,57000,84,1
17903,58000,87,1
17903,59000,87,1
17903,60000,63,1
17903,61000,63,1
17903,62000,63,1
17904,0,15,1
17904,1000,16,1
17904,2000,16,1
17904,3000,18,1
17904,4000,17,1
17904,5000,17,1
17904,6000,17,1
17904,7000,15,1
17904,8000,15,1
17904,9000,14,1
17904,10000,14,1
17904,11000,14,1
17904,12000,16,1
17904,13000,17,1
17904,14000,18,1
17904,15000,19,1
17904,16000,22,1
17904,17000,42,1
17904,18000,34,1
17904,19000,35,1
17904,20000,36,1
17904,21000,36,1
17904,22000,40,1
17904,23000,40,1
17904,24000,40,1
17904,25000,41,1
17904,26000,40,1
17904,27000,39,1
17904,28000,39,1
17904,29000,40,1
17904,30000,39,1
17904,31000,39,1
17904,32000,41,1
17904,33000,41,1
17904,34000,41,1
17904,35000,40,1
17904,36000,42,1
17904,37000,42,1
17904,38000,43,1
17904,39000,43,1
17904,40000,45,1
17904,41000,44,1
17904,42000,47,1
17904,43000,46,1
17904,44000,46,1
17904,45000,50,1
17904,46000,54,1
17904,47000,58,1
17904,48000,57,1
17904,49000,55,1
17904,50000,55,1
17904,51000,61,1
17904,52000,61,1
17904,53000,61,1
17904,54000,62,1
17904,55000,62,1
17904,56000,62,1
17904,57000,61,1
17904,58000,65,1
17904,59000,65,1
17904,60000,68,1
17904,61000,68,1
17904,62000,62,1
17904,63000,67,1
17904,64000,69,1
17904,65000,67,1
17904,66000,67,1
17904,67000,67,1
17904,68000,69,1
17904,69000,70,1
17904,70000,71,1
17904,71000,70,1
17904,72000,71,1
17904,73000,72,1
17904,74000,76,1
17904,75000,77,1
17904,76000,77,1
17904,77000,75,1
17904,78000,77,1
17904,79000,77,1
17904,80000,77,1
17904,81000,79,1
17904,82000,84,1
17904,83000,89,1
17904,84000,91,1
17904,85000,93,1
17904,86000,94,1
17904,87000,96,1
17904,88000,95,1
17904,89000,96,1
17904,90000,95,1
17904,91000,96,1
17904,92000,64,1
17904,93000,66,1
17904,94000,66,1
17904,95000,64,1
17904,96000,62,1
17904,97000,65,1
